ANNEE,INDICATEUR,SOUS-INDICATEUR,PLF,CFX,TOTAL,UNITE,COEF_CRISE,HYPOTHESE_CRISE,PLF_CRISE,CFX_CRISE,TOTAL_CRISE
2011,Actes,Actes opératoires,23962.5,23962.5,47925.0,actes,1.6,Hypothèse : +60% d'activité (urgences/séjours/consultations) en période de crise sanitaire aiguë type pandémie.,38340.0,38340.0,76680.0
2012,Actes,Actes opératoires,23962.5,23962.5,47925.0,actes,1.6,Hypothèse : +60% d'activité (urgences/séjours/consultations) en période de crise sanitaire aiguë type pandémie.,38340.0,38340.0,76680.0
2013,Actes,Actes opératoires,23962.5,23962.5,47925.0,actes,1.6,Hypothèse : +60% d'activité (urgences/séjours/consultations) en période de crise sanitaire aiguë type pandémie.,38340.0,38340.0,76680.0
2014,Actes,Actes opératoires,23962.5,23962.5,47925.0,actes,1.6,Hypothèse : +60% d'activité (urgences/séjours/consultations) en période de crise sanitaire aiguë type pandémie.,38340.0,38340.0,76680.0
2015,Actes,Actes opératoires,23962.5,23962.5,47925.0,actes,1.6,Hypothèse : +60% d'activité (urgences/séjours/consultations) en période de crise sanitaire aiguë type pandémie.,38340.0,38340.0,76680.0
2016,Actes,Actes opératoires,23962.5,23962.5,47925.0,actes,1.6,Hypothèse : +60% d'activité (urgences/séjours/consultations) en période de crise sanitaire aiguë type pandémie.,38340.0,38340.0,76680.0
2017,Actes,Actes opératoires,23962.5,23962.5,47925.0,actes,1.6,Hypothèse : +60% d'activité (urgences/séjours/consultations) en période de crise sanitaire aiguë type pandémie.,38340.0,38340.0,76680.0
2011,Consultations,Consultations externes,657047.0,3911.0,660958.0,consultations,1.6,Hypothèse : +60% d'activité (urgences/séjours/consultations) en période de crise sanitaire aiguë type pandémie.,1051275.2,6257.6,1057532.8
2012,Consultations,Consultations externes,657047.0,3911.0,660958.0,consultations,1.6,Hypothèse : +60% d'activité (urgences/séjours/consultations) en période de crise sanitaire aiguë type pandémie.,1051275.2,6257.6,1057532.8
2013,Consultations,Consultations externes,637251.33,6037.33,643288.67,consultations,1.6,Hypothèse : +60% d'activité (urgences/séjours/consultations) en période de crise sanitaire aiguë type pandémie.,1019602.13,9659.73,1029261.87
2014,Consultations,Consultations externes,617455.67,8163.67,625619.33,consultations,1.6,Hypothèse : +60% d'activité (urgences/séjours/consultations) en période de crise sanitaire aiguë type pandémie.,987929.07,13061.87,1000990.93
2015,Consultations,Consultations externes,597660.0,10290.0,607950.0,consultations,1.6,Hypothèse : +60% d'activité (urgences/séjours/consultations) en période de crise sanitaire aiguë type pandémie.,956256.0,16464.0,972720.0
2016,Consultations,Consultations externes,637239.71,7362.29,644602.0,consultations,1.6,Hypothèse : +60% d'activité (urgences/séjours/consultations) en période de crise sanitaire aiguë type pandémie.,1019583.54,11779.66,1031363.2
2017,Consultations,Consultations externes,637239.71,7362.29,644602.0,consultations,1.6,Hypothèse : +60% d'activité (urgences/séjours/consultations) en période de crise sanitaire aiguë type pandémie.,1019583.54,11779.66,1031363.2
2011,Greffes,Transplantations,157.0,157.0,314.0,greffes,1.6,Hypothèse : +60% d'activité (urgences/séjours/consultations) en période de crise sanitaire aiguë type pandémie.,251.2,251.2,502.4
2012,Greffes,Transplantations,157.0,157.0,314.0,greffes,1.6,Hypothèse : +60% d'activité (urgences/séjours/consultations) en période de crise sanitaire aiguë type pandémie.,251.2,251.2,502.4
2013,Greffes,Transplantations,167.67,167.67,335.33,greffes,1.6,Hypothèse : +60% d'activité (urgences/séjours/consultations) en période de crise sanitaire aiguë type pandémie.,268.27,268.27,536.53
2014,Greffes,Transplantations,178.33,178.33,356.67,greffes,1.6,Hypothèse : +60% d'activité (urgences/séjours/consultations) en période de crise sanitaire aiguë type pandémie.,285.33,285.33,570.67
2015,Greffes,Transplantations,189.0,189.0,378.0,greffes,1.6,Hypothèse : +60% d'activité (urgences/séjours/consultations) en période de crise sanitaire aiguë type pandémie.,302.4,302.4,604.8
2016,Greffes,Transplantations,197.0,197.0,394.0,greffes,1.6,Hypothèse : +60% d'activité (urgences/séjours/consultations) en période de crise sanitaire aiguë type pandémie.,315.2,315.2,630.4
2017,Greffes,Transplantations,197.0,197.0,394.0,greffes,1.6,Hypothèse : +60% d'activité (urgences/séjours/consultations) en période de crise sanitaire aiguë type pandémie.,315.2,315.2,630.4
2011,Naissances,Accouchements,1139.5,1139.5,2279.0,naissances,1.6,Hypothèse : +60% d'activité (urgences/séjours/consultations) en période de crise sanitaire aiguë type pandémie.,1823.2,1823.2,3646.4
2012,Naissances,Accouchements,1139.5,1139.5,2279.0,naissances,1.6,Hypothèse : +60% d'activité (urgences/séjours/consultations) en période de crise sanitaire aiguë type pandémie.,1823.2,1823.2,3646.4
2013,Naissances,Accouchements,1139.5,1139.5,2279.0,naissances,1.6,Hypothèse : +60% d'activité (urgences/séjours/consultations) en période de crise sanitaire aiguë type pandémie.,1823.2,1823.2,3646.4
2014,Naissances,Accouchements,1139.5,1139.5,2279.0,naissances,1.6,Hypothèse : +60% d'activité (urgences/séjours/consultations) en période de crise sanitaire aiguë type pandémie.,1823.2,1823.2,3646.4
2015,Naissances,Accouchements,1139.5,1139.5,2279.0,naissances,1.6,Hypothèse : +60% d'activité (urgences/séjours/consultations) en période de crise sanitaire aiguë type pandémie.,1823.2,1823.2,3646.4
2016,Naissances,Accouchements,1093.0,1093.0,2186.0,naissances,1.6,Hypothèse : +60% d'activité (urgences/séjours/consultations) en période de crise sanitaire aiguë type pandémie.,1748.8,1748.8,3497.6
2017,Naissances,Accouchements,1093.0,1093.0,2186.0,naissances,1.6,Hypothèse : +60% d'activité (urgences/séjours/consultations) en période de crise sanitaire aiguë type pandémie.,1748.8,1748.8,3497.6
2011,Naissances,Naissances,1228.5,1228.5,2457.0,naissances,1.6,Hypothèse : +60% d'activité (urgences/séjours/consultations) en période de crise sanitaire aiguë type pandémie.,1965.6,1965.6,3931.2
2012,Naissances,Naissances,1228.5,1228.5,2457.0,naissances,1.6,Hypothèse : +60% d'activité (urgences/séjours/consultations) en période de crise sanitaire aiguë type pandémie.,1965.6,1965.6,3931.2
2013,Naissances,Naissances,1228.5,1228.5,2457.0,naissances,1.6,Hypothèse : +60% d'activité (urgences/séjours/consultations) en période de crise sanitaire aiguë type pandémie.,1965.6,1965.6,3931.2
2014,Naissances,Naissances,1228.5,1228.5,2457.0,naissances,1.6,Hypothèse : +60% d'activité (urgences/séjours/consultations) en période de crise sanitaire aiguë type pandémie.,1965.6,1965.6,3931.2
2015,Naissances,Naissances,1228.5,1228.5,2457.0,naissances,1.6,Hypothèse : +60% d'activité (urgences/séjours/consultations) en période de crise sanitaire aiguë type pandémie.,1965.6,1965.6,3931.2
2016,Naissances,Naissances,1228.5,1228.5,2457.0,naissances,1.6,Hypothèse : +60% d'activité (urgences/séjours/consultations) en période de crise sanitaire aiguë type pandémie.,1965.6,1965.6,3931.2
2017,Naissances,Naissances,1228.5,1228.5,2457.0,naissances,1.6,Hypothèse : +60% d'activité (urgences/séjours/consultations) en période de crise sanitaire aiguë type pandémie.,1965.6,1965.6,3931.2
2011,Séjours,Ambulatoire (<24h),86529.0,1184.0,87713.0,séjours,1.6,Hypothèse : +60% d'activité (urgences/séjours/consultations) en période de crise sanitaire aiguë type pandémie.,138446.4,1894.4,140340.8
2012,Séjours,Ambulatoire (<24h),86529.0,1184.0,87713.0,séjours,1.6,Hypothèse : +60% d'activité (urgences/séjours/consultations) en période de crise sanitaire aiguë type pandémie.,138446.4,1894.4,140340.8
2013,Séjours,Ambulatoire (<24h),88872.0,1327.33,90199.33,séjours,1.6,Hypothèse : +60% d'activité (urgences/séjours/consultations) en période de crise sanitaire aiguë type pandémie.,142195.2,2123.73,144318.93
2014,Séjours,Ambulatoire (<24h),91215.0,1470.67,92685.67,séjours,1.6,Hypothèse : +60% d'activité (urgences/séjours/consultations) en période de crise sanitaire aiguë type pandémie.,145944.0,2353.07,148297.07
2015,Séjours,Ambulatoire (<24h),93558.0,1614.0,95172.0,séjours,1.6,Hypothèse : +60% d'activité (urgences/séjours/consultations) en période de crise sanitaire aiguë type pandémie.,149692.8,2582.4,152275.2
2016,Séjours,Ambulatoire (<24h),98791.28,1527.72,100319.0,séjours,1.6,Hypothèse : +60% d'activité (urgences/séjours/consultations) en période de crise sanitaire aiguë type pandémie.,158066.05,2444.35,160510.4
2017,Séjours,Ambulatoire (<24h),98791.28,1527.72,100319.0,séjours,1.6,Hypothèse : +60% d'activité (urgences/séjours/consultations) en période de crise sanitaire aiguë type pandémie.,158066.05,2444.35,160510.4
2011,Séjours,Hospitalisation complète (>24h),64693.0,3494.0,68187.0,séjours,1.6,Hypothèse : +60% d'activité (urgences/séjours/consultations) en période de crise sanitaire aiguë type pandémie.,103508.8,5590.4,109099.2
2012,Séjours,Hospitalisation complète (>24h),64693.0,3494.0,68187.0,séjours,1.6,Hypothèse : +60% d'activité (urgences/séjours/consultations) en période de crise sanitaire aiguë type pandémie.,103508.8,5590.4,109099.2
2013,Séjours,Hospitalisation complète (>24h),65973.0,3892.33,69865.33,séjours,1.6,Hypothèse : +60% d'activité (urgences/séjours/consultations) en période de crise sanitaire aiguë type pandémie.,105556.8,6227.73,111784.53
2014,Séjours,Hospitalisation complète (>24h),67253.0,4290.67,71543.67,séjours,1.6,Hypothèse : +60% d'activité (urgences/séjours/consultations) en période de crise sanitaire aiguë type pandémie.,107604.8,6865.07,114469.87
2015,Séjours,Hospitalisation complète (>24h),68533.0,4689.0,73222.0,séjours,1.6,Hypothèse : +60% d'activité (urgences/séjours/consultations) en période de crise sanitaire aiguë type pandémie.,109652.8,7502.4,117155.2
2016,Séjours,Hospitalisation complète (>24h),70751.46,4327.54,75079.0,séjours,1.6,Hypothèse : +60% d'activité (urgences/séjours/consultations) en période de crise sanitaire aiguë type pandémie.,113202.34,6924.06,120126.4
2017,Séjours,Hospitalisation complète (>24h),70751.46,4327.54,75079.0,séjours,1.6,Hypothèse : +60% d'activité (urgences/séjours/consultations) en période de crise sanitaire aiguë type pandémie.,113202.34,6924.06,120126.4
2011,Urgences,Passages totaux,83002.0,60860.5,143862.5,passages,1.6,Hypothèse : +60% d'activité (urgences/séjours/consultations) en période de crise sanitaire aiguë type pandémie.,132803.2,97376.8,230180.0
2012,Urgences,Passages totaux,85993.0,60860.5,146853.5,passages,1.6,Hypothèse : +60% d'activité (urgences/séjours/consultations) en période de crise sanitaire aiguë type pandémie.,137588.8,97376.8,234965.6
2013,Urgences,Passages totaux,77615.5,60860.5,138476.0,passages,1.6,Hypothèse : +60% d'activité (urgences/séjours/consultations) en période de crise sanitaire aiguë type pandémie.,124184.8,97376.8,221561.6
2014,Urgences,Passages totaux,69238.0,60860.5,130098.5,passages,1.6,Hypothèse : +60% d'activité (urgences/séjours/consultations) en période de crise sanitaire aiguë type pandémie.,110780.8,97376.8,208157.6
2015,Urgences,Passages totaux,60860.5,60860.5,121721.0,passages,1.6,Hypothèse : +60% d'activité (urgences/séjours/consultations) en période de crise sanitaire aiguë type pandémie.,97376.8,97376.8,194753.6
2016,Urgences,Passages totaux,63839.0,63839.0,127678.0,passages,1.6,Hypothèse : +60% d'activité (urgences/séjours/consultations) en période de crise sanitaire aiguë type pandémie.,102142.4,102142.4,204284.8
2017,Urgences,Passages totaux,63839.0,63839.0,127678.0,passages,1.6,Hypothèse : +60% d'activité (urgences/séjours/consultations) en période de crise sanitaire aiguë type pandémie.,102142.4,102142.4,204284.8
2011,Urgences,Patients admis en hospitalisation,6083.0,3794.0,9877.0,patients,1.6,Hypothèse : +60% d'activité (urgences/séjours/consultations) en période de crise sanitaire aiguë type pandémie.,9732.8,6070.4,15803.2
2012,Urgences,Patients admis en hospitalisation,10063.0,3794.0,13857.0,patients,1.6,Hypothèse : +60% d'activité (urgences/séjours/consultations) en période de crise sanitaire aiguë type pandémie.,16100.8,6070.4,22171.2
2013,Urgences,Patients admis en hospitalisation,7973.33,3794.0,11767.33,patients,1.6,Hypothèse : +60% d'activité (urgences/séjours/consultations) en période de crise sanitaire aiguë type pandémie.,12757.33,6070.4,18827.73
2014,Urgences,Patients admis en hospitalisation,5883.67,3794.0,9677.67,patients,1.6,Hypothèse : +60% d'activité (urgences/séjours/consultations) en période de crise sanitaire aiguë type pandémie.,9413.87,6070.4,15484.27
2015,Urgences,Patients admis en hospitalisation,3794.0,3794.0,7588.0,patients,1.6,Hypothèse : +60% d'activité (urgences/séjours/consultations) en période de crise sanitaire aiguë type pandémie.,6070.4,6070.4,12140.8
2016,Urgences,Patients admis en hospitalisation,3794.0,3794.0,7588.0,patients,1.6,Hypothèse : +60% d'activité (urgences/séjours/consultations) en période de crise sanitaire aiguë type pandémie.,6070.4,6070.4,12140.8
2017,Urgences,Patients admis en hospitalisation,3794.0,3794.0,7588.0,patients,1.6,Hypothèse : +60% d'activité (urgences/séjours/consultations) en période de crise sanitaire aiguë type pandémie.,6070.4,6070.4,12140.8
